﻿<?xml version="1.0" encoding="utf-8" ?>
<Buildings>

  <ThingDef ParentName="BuildingBase">
    <defName>BabyBattery</defName>
    <label>baby battery</label>
    <thingClass>BabyBattery.Building_BabyBattery</thingClass>
    <graphicData>
      <texPath>Things/Building/Power/BabyBattery</texPath>
      <graphicClass>Graphic_Multi</graphicClass>
      <drawSize>(3,3)</drawSize>
      <damageData>
        <cornerTL>Damage/Corner</cornerTL>
        <cornerTR>Damage/Corner</cornerTR>
        <cornerBL>Damage/Corner</cornerBL>
        <cornerBR>Damage/Corner</cornerBR>
      </damageData>
    </graphicData>
    <altitudeLayer>Building</altitudeLayer>
    <passability>PassThroughOnly</passability>
    <pathCost>70</pathCost>
    <blockWind>false</blockWind>
    <castEdgeShadows>true</castEdgeShadows>
    <fillPercent>0.40</fillPercent>
    <tickerType>Normal</tickerType>
    <minifiedDef>MinifiedFurniture</minifiedDef>
    <statBases>
      <MaxHitPoints>100</MaxHitPoints>
      <WorkToMake>800</WorkToMake>
      <Flammability>1.0</Flammability>
      <Beauty>-18</Beauty>
    </statBases>
    <description>Stores electricity when there is excess power and yields it when there is not. Warning - charged batteries tend to explode when heated or wet.</description>
    <size>(1,1)</size>
    <building>
      <ignoreNeedsPower>true</ignoreNeedsPower>
    </building>
    <costList>
      <Steel>50</Steel>
      <Component>2</Component>
    </costList>
    <comps>
      <li Class="CompProperties_Battery">
        <storedEnergyMax>400</storedEnergyMax>
        <efficiency>0.9</efficiency>
        <startElectricalFires>true</startElectricalFires>
        <transmitsPower>true</transmitsPower>
      </li>
      <li Class="CompProperties_Breakdownable"/>
    </comps>
    <terrainAffordanceNeeded>Light</terrainAffordanceNeeded>
    <designationCategory>Power</designationCategory>
    <staticSunShadowHeight>0.5</staticSunShadowHeight>
    <constructEffect>ConstructMetal</constructEffect>
    <researchPrerequisites>
      <li>Batteries</li>
    </researchPrerequisites>
  </ThingDef>
  
</Buildings>